"Y","D","T","x1","x2","z1","q1","y_ord","eval_y0"
2.44024581253426,1,0.794248634173009,1.02914071931376,2.32505849371513,-0.601382997836582,0.25057806717021,"(0.833,3.94]",0
0.670301862019832,0,-1.3741712087285,0.914774867719613,0.524122181151092,-0.135816136579885,-0.277924049161014,"(-1.01,-0.0678]",1
0.881042310128435,0,-1.86871211790684,-0.00245626667956324,0.970733416408591,-0.98727278492051,-1.72473573426284,"(-1.01,-0.0678]",1
0.49362902492358,1,-1.31211624420969,0.136009552413727,0.376973397152614,0.831925014618268,-2.00670494385569,"(0.833,3.94]",0
1.7190215791164,0,-3.08415953094596,-0.720153544943125,-0.995933396542156,-0.795059516415481,-1.29180833046846,"(0.833,3.94]",1
-0.162480721094407,0,-0.686580722805344,-0.198124330051216,-0.597482913048045,0.340464612015827,0.365838228483296,"(-0.0678,0.833]",1
2.45933172943449,1,0.887380167945128,-1.02920880604827,0.165251423080152,0.870429820346914,-0.152203253908431,"(0.833,3.94]",0
-1.49696038143025,1,-1.88261758612592,-0.966955895852616,-2.92847717857757,-1.18216100524638,-0.734094090076209,"(0.833,3.94]",0
2.23615465137606,1,1.21058678231646,-1.22081308891909,-0.847914226578549,1.02289397573496,-0.781972056981591,"(0.833,3.94]",0
1.18282141689017,0,-0.496415420260562,0.836207703944837,0.798584512223446,-2.10843457624333,0.551567034812709,"(0.833,3.94]",1
3.29042254921673,1,-1.82231365245697,1.1149717984954,-0.298455987965219,0.229762637699325,-1.61084098443007,"(-1.01,-0.0678]",0
3.18081601791338,1,1.66451246012064,-0.412944852927091,-0.283611376945371,1.51171079155376,0.748176433090443,"(0.833,3.94]",0
-2.15720112548863,0,-0.517522398773804,-1.12897739800683,0.869519306648764,0.555437989150677,0.449296011237588,"[-3.97,-1.01]",1
0.926432169912022,1,-1.26324734209558,-0.0879313317770513,-0.544355284698977,0.914878801249372,-0.870062520443655,"(-1.01,-0.0678]",0
3.09055755758564,0,0.251367773888267,2.24190369331262,0.628803235377603,-0.553396624279516,-0.0977479313579405,"(-0.0678,0.833]",1
2.43152318564407,1,1.78351728237621,2.04131317075049,-1.42233445794539,0.298376089510017,0.893100213716266,"(0.833,3.94]",0
-0.370497651030304,0,-0.609447606631311,-1.71980033672145,-1.22751263333428,1.10637953965214,1.35091509526625,"[-3.97,-1.01]",1
-3.78381320289005,0,1.11407953301752,-0.356906656122387,-1.67410551574443,-1.32914958483242,1.4889703943085,"[-3.97,-1.01]",1
2.12491833349136,0,0.495081621272624,1.53328049216229,0.0843984822448787,1.00169412888602,0.371067212847268,"(-1.01,-0.0678]",1
3.21416781894337,0,-0.30888678590913,-0.0382440966102368,-0.2061256639704,-1.40930387375741,-0.214473243512569,"(0.833,3.94]",1
2.15042548719906,0,-1.58472694413756,1.59741324232643,1.44187164028206,-0.498781024681268,0.455494589939145,"(0.833,3.94]",1
-1.19090372034651,0,-2.78792532335771,-0.333585393309883,-0.0417821033853644,2.62275685248845,-0.258111110256068,"(-1.01,-0.0678]",1
1.81440068319798,1,-3.0017023233863,0.604985923915378,1.35375447776378,0.510665566028528,-1.00292375210412,"(0.833,3.94]",0
1.71060306480908,1,1.76020189414155,0.224241239250251,1.94522527592283,-0.0908431942191986,0.844143482797941,"(0.833,3.94]",0
5.54991818425727,1,2.27641309857515,3.22906949548006,-0.490938233708141,0.978765679210879,0.694658775896635,"(0.833,3.94]",0
1.8058746732034,1,2.51973690459547,0.92045256677252,0.388439074944612,-0.243808656888315,1.2610037476473,"(-0.0678,0.833]",0
-0.507008333467914,0,1.8614966935109,-1.20653906921592,-0.84489325918598,0.621808959213633,1.66655928933767,"(0.833,3.94]",1
0.695787903166072,0,1.51378652058233,-0.603881169163268,0.73799036787109,-0.344595219846322,1.47185793808934,"[-3.97,-1.01]",1
1.4025641675659,0,0.462481943173954,0.370235284622062,-1.07976033128386,-2.35522454584149,0.78931570508443,"(0.833,3.94]",1
-2.28832137178305,1,-1.34938256279204,-1.90100064667961,-1.02647387624363,0.472387633353643,-0.0364542711833432,"(-1.01,-0.0678]",0
-1.57260433808375,1,0.403804466257339,-1.80440994496324,0.288793361578875,-0.511480194786914,-0.0912832766425019,"[-3.97,-1.01]",0
-0.123973369303854,1,0.276758670117571,-1.12182260635522,0.0908113192871749,-0.573602199756116,-0.412862939041902,"(-1.01,-0.0678]",0
0.505768807888076,1,-2.33681703429078,-0.34792960655914,0.262623176711222,0.00379720372860315,-0.781061198320081,"(0.833,3.94]",0
2.69684338915248,0,0.243380959217558,1.23890214863198,0.0693349127912537,1.34255092952781,-0.390092785411881,"[-3.97,-1.01]",1
1.37750763908612,1,0.253250584005367,-0.274197564852279,-0.528643818856825,0.295461511559413,0.613837622009258,"(-0.0678,0.833]",0
-0.315900848132938,0,-0.585920223382421,0.162380715558193,-0.130202164518766,0.841786943605435,0.384677020333242,"[-3.97,-1.01]",1
0.335587563447054,1,-2.61181157763184,-0.0646069097530627,1.62015874435582,0.62906429822047,-1.20565664981837,"(-1.01,-0.0678]",0
-1.2932396547069,0,1.40879016969488,-0.705237097025142,-0.0178951233234706,0.101598399463067,1.19785122001404,"(-1.01,-0.0678]",1
2.78176490081948,0,-0.286685366731363,1.36219726875099,-1.31848939894929,0.671120874661013,1.29114126665685,"(-0.0678,0.833]",1
0.741154621911533,0,0.0797998929142143,-1.09651318808332,-0.844560160581277,-0.138316374561719,1.48307160252052,"[-3.97,-1.01]",1
1.72050578046001,1,-0.831505705316201,-0.228433518546891,-1.10181487249111,-1.24931225315241,-1.22359523581159,"(-0.0678,0.833]",0
0.533562571346131,0,-2.24157395935139,-0.347828080610269,-0.900090143007498,0.347635244215357,-0.41317463437103,"(-1.01,-0.0678]",1
2.29785685959712,1,-0.220744471135292,0.532128619506733,-1.26108391982248,-2.27781365917161,-0.409580866212294,"(0.833,3.94]",0
2.7038888010133,0,-0.795113100846214,1.60723456226119,-2.6258489024829,-0.986209181193632,-0.451164718262206,"(0.833,3.94]",1
0.853561690165809,0,1.45299158646171,0.513814526116594,0.669065749190573,-0.0595413435522069,-0.564698951728143,"[-3.97,-1.01]",1
3.50918201151476,1,0.167370234150578,1.38237316057303,0.660041509230777,-0.160759490474124,-0.560010334496702,"(-1.01,-0.0678]",0
0.669414749146217,0,-2.64959859812894,0.763097048549903,-0.25060043539111,-0.420361520340292,-0.970558066992205,"(0.833,3.94]",1
2.80221287658839,1,0.535664997999663,-0.624584544634111,-0.723797316953819,0.988591016328615,-0.56282354617343,"(-1.01,-0.0678]",0
-0.737005389160457,0,-0.646525534653196,0.0815438004289869,-0.812181632329413,-1.06961379110863,-0.332036443298219,"(-0.0678,0.833]",1
4.72660789123002,0,0.742018547038585,1.37607911136477,0.398734336018413,-2.61364346701511,0.193650109749296,"(-0.0678,0.833]",1
-0.385886118212103,1,-0.849321381095467,-1.56126578615704,0.226563573879377,0.780451897662153,0.605642856272221,"(0.833,3.94]",0
0.904765665061123,1,2.24685714647617,0.324770660594699,0.421643579753211,0.0451050735540702,0.957873599425007,"[-3.97,-1.01]",0
2.04563270313878,1,0.545281089518656,-0.156790316952238,0.00483794372409907,-0.108489158897566,-0.800818438984397,"(-0.0678,0.833]",0
1.549051295854,1,-0.0123925302708505,0.877783860734352,0.618983915096519,-0.391224310070966,0.0425486556052422,"(-1.01,-0.0678]",0
1.35548781292131,0,0.353015100418179,0.750166575180638,0.431133944485928,-1.6869995043286,2.33570086201341,"(-0.0678,0.833]",1
3.03874303077099,0,0.074313227730575,0.30105340384283,0.558312370187223,-0.95270445515168,-0.461867455821985,"(-1.01,-0.0678]",1
5.11020356470308,1,-0.316822951180449,1.49281111722931,0.495961280672009,0.507414112103395,0.740429906040657,"(0.833,3.94]",0
-1.51037425583358,0,-1.83569873935975,-1.5254938001697,1.66188574094578,0.0188160990067223,-0.698344660682268,"[-3.97,-1.01]",1
-0.128505713142973,0,0.111148793619835,0.910717558486022,-1.0550346122045,-1.41891037358562,1.06536890145562,"(-1.01,-0.0678]",1
-0.889252341348263,1,1.42267944840981,-1.57953202785754,1.50832468678,0.598171931352236,0.545516821338762,"(-1.01,-0.0678]",0
1.38424490878416,0,-1.48033083802516,0.587716257118581,-0.334208656655074,0.786379621743228,-0.918209320243205,"(-0.0678,0.833]",1
1.5863650324958,1,-0.52499894564719,0.0896422960007244,-0.0649807438184409,-0.134633045902237,1.02519134367607,"(-0.0678,0.833]",0
1.9152016437424,0,-0.936984035447192,0.96726165694984,0.0810815387134028,-0.016386517615323,1.12573840290613,"(0.833,3.94]",1
2.48590311716423,1,0.182484288825119,0.0788123529148234,-0.448214795538841,1.40914040823509,0.882800384998406,"(-0.0678,0.833]",0
0.517541512780171,1,-3.82851781518303,-1.56869983648609,-2.55380695026597,0.394838698802266,-2.76807861085069,"(-1.01,-0.0678]",0
-1.04672580296725,1,-0.178575581747054,-2.00782318401609,-0.312932535119014,1.21987512807247,0.143826578856264,"(-0.0678,0.833]",0
1.41180091541805,1,2.00918360872569,0.540973524238763,0.0413831520402976,-0.0450772128729762,1.5198831251518,"[-3.97,-1.01]",0
2.05463709729308,1,-0.471073402257761,-0.0733765981084255,-1.73772806133762,1.47948784483878,-0.171316078021067,"(-1.01,-0.0678]",0
1.53899352034088,0,0.27492387460753,-0.571018393558081,0.54993965969838,-0.0756837866923921,-0.658144999317951,"(-1.01,-0.0678]",1
1.33321855198287,0,1.40156160286144,-0.311068459853641,-0.597273692593322,0.917748457199555,-0.154294602086388,"[-3.97,-1.01]",1
-0.159276187460953,0,-3.35025713085611,-0.671415067101365,1.44774180603655,-0.344778713742413,-2.3830393163367,"[-3.97,-1.01]",1
0.605939065829869,1,-2.53652027138064,-0.157340452080979,0.264868114264259,-1.07700265605392,-1.1382970912816,"(-0.0678,0.833]",0
0.757492265185536,1,-0.960527126335557,-0.93130507099987,-0.788782807782472,1.00160472735829,-0.0872555328125386,"(0.833,3.94]",0
-1.81452680082694,1,1.11917200610495,-1.98300947947013,0.167732220671529,2.29600404077134,0.835326720644202,"(-1.01,-0.0678]",0
1.2625873517858,0,-1.61665163183737,-0.219599804249378,0.25758310820126,-0.325878115450014,0.212110868191506,"(-0.0678,0.833]",1
3.22062268236986,1,2.53405158928408,1.04527586946239,0.912047367450309,1.46885612852932,0.641346301404555,"(0.833,3.94]",0
3.47278287044154,1,-0.368795573500857,1.87732956629967,-0.156872382554867,-0.236908933173859,-1.0321009677859,"(0.833,3.94]",0
2.68674713986741,1,2.67581116253362,0.00260619595716637,-2.03337570844709,0.923493117890428,1.4857706537531,"(0.833,3.94]",0
0.381095183167597,1,0.00969313425301466,-0.0806699347091655,-1.29966582307858,-0.989191806701409,1.19047624727791,"[-3.97,-1.01]",0
1.66197416785537,0,-0.573715613977429,0.96298228123987,-0.857250659929035,0.275646278286709,0.617226731476436,"(0.833,3.94]",1
2.49164149938813,1,1.02987702791784,0.0535710165465174,0.426265294536191,-0.763661093561037,-0.172938324465871,"(-0.0678,0.833]",0
0.15897887551827,0,0.801328908481426,-0.434898408910037,-0.284836263084754,-1.35211198419997,0.861580440756975,"(0.833,3.94]",1
0.0674850610159846,1,0.012224946002076,-1.73729725534231,-0.614368541969862,0.655024410228004,-0.620085924544441,"(-0.0678,0.833]",0
-2.21091469234486,1,-1.12670757502171,-1.26369559978243,-0.844890832157483,1.60964676035496,-0.878213047268405,"(0.833,3.94]",0
-0.517699443829715,0,-3.00880703899689,0.406308512069273,0.153694957218872,-0.78850696587791,-2.22859514687621,"(-0.0678,0.833]",1
0.657570019702842,0,2.2596327604227,-1.45965396777976,-0.851432275778188,-0.883876112525995,0.193263225267502,"(-1.01,-0.0678]",1
3.11502312293892,1,-1.9294076205475,1.0484573701547,-0.397921072942885,-1.07251461179358,-2.31265671694031,"(-0.0678,0.833]",0
-1.99953896164604,0,-2.44261351632208,-1.3464305394502,-0.939977226280953,-0.458140981447841,-0.0243337921357311,"[-3.97,-1.01]",1
2.73570339845632,1,1.62524780690401,-0.193570558113494,-1.38825374141942,0.665647015578227,0.441340589239052,"(0.833,3.94]",0
0.320893971930089,1,0.518124533943862,-0.00233595711367605,0.955184588863398,0.712228212418725,0.789576753769568,"(-0.0678,0.833]",0
1.50454307286452,1,1.75649223777603,-0.0128297338671881,-1.31749547003238,0.442954227499162,1.02181962668272,"(0.833,3.94]",0
-0.558483981495722,0,1.73061747038461,0.151947321984398,0.0730291461596218,0.759587312059179,0.615261159537096,"(-1.01,-0.0678]",1
1.93667656136491,1,1.15698623755699,0.598511131401079,-0.56818584856837,-0.468877666019124,-0.859577856168591,"(-0.0678,0.833]",0
2.03581447245105,1,-0.390945019143183,-0.126212437298279,-1.05845066878383,-0.172709977883837,0.890748976368977,"(0.833,3.94]",0
0.274909762208317,1,-2.01751718315821,-0.248535565846776,0.259313538417069,0.682049899385807,0.0632747474874033,"(-1.01,-0.0678]",0
0.0493397790172492,0,-1.85731044811634,0.160327394904622,0.373134504519161,-0.281577328241543,-1.86466105555997,"(-0.0678,0.833]",1
-0.358686546014752,0,-1.32213151070427,-0.433641941597269,1.26466676928415,-0.961622573931821,-0.1131368509232,"[-3.97,-1.01]",1
1.67305764483219,0,-2.98907132900516,1.53741241910027,0.325224996068265,-1.37765014473256,-1.78338637587516,"(-1.01,-0.0678]",1
-2.07868287747824,1,0.215902104496963,-2.17024657661608,-0.138467319508306,2.69758663663836,-1.05349044072366,"(-1.01,-0.0678]",0
1.84841303739419,0,-0.75431044147594,1.02700461929143,2.6024688972798,-1.69971505556293,-0.619354677304664,"(-0.0678,0.833]",1
3.09072126789595,1,-1.1535864040343,-0.248482933189933,-0.650284428487915,0.0293166527942015,-0.586938576519139,"(-0.0678,0.833]",0
-0.695016058017186,1,1.14899883407327,0.422320385832393,-1.00318322831336,1.93431433615124,0.926975731943589,"(0.833,3.94]",0
2.1409229391872,0,0.20296381360962,0.987653293639674,-0.535113912874478,0.837510875177963,-0.0654058453375009,"(-0.0678,0.833]",1
4.37438792829374,1,0.227391991339871,0.835568172035023,-0.110414566776788,-0.185346331084667,-0.937111758775164,"(0.833,3.94]",0
1.1570199799466,0,-0.213077340838697,-0.660521859045705,0.600430169313573,0.533329177764386,-0.633859433761416,"(-1.01,-0.0678]",1
2.24692480207803,1,-2.2915489440674,1.56406949329184,0.415845059598682,1.78495624201476,-0.575224286015068,"(-0.0678,0.833]",0
-0.120793660599304,1,0.093425421204622,-1.62297593529155,-0.105750646676992,0.189627819830131,0.188221041759335,"(-1.01,-0.0678]",0
1.98145549364344,1,1.17050342822726,0.863896373478988,-0.856562538246121,-0.5690875121866,0.539655974462932,"(0.833,3.94]",0
0.000974452206753407,1,1.05119847278138,-0.5116027734362,1.12732733432216,1.45189294457212,-0.420884069657012,"(-1.01,-0.0678]",0
-0.269188276997107,0,-3.01585629167343,-1.9173650254454,0.916281621448453,1.86899345256532,-0.339466559977085,"[-3.97,-1.01]",1
-0.515537064323119,1,-0.277031077516189,-1.86581384861995,-0.724379592724361,-0.984554893737541,0.518080388363255,"[-3.97,-1.01]",0
0.94261347826116,1,-0.00730791705539646,0.245179063439689,0.686779087574742,0.718756763904366,-0.869387621013225,"(-0.0678,0.833]",0
2.37509326459949,0,0.120680053901646,2.22353430190807,0.450085791644612,0.129347296958262,-0.160670914154826,"(0.833,3.94]",1
0.604116166206873,0,-0.0386075775820833,0.273376064144465,1.04522160610504,0.701641308893363,-0.142616786605041,"(0.833,3.94]",1
1.303346893918,0,-3.2007155211329,1.13078479452828,0.14962903443744,0.526697831887448,-0.765210967844204,"(-1.01,-0.0678]",1
1.48044956557143,0,-1.17364949437944,0.838669374060099,-1.14106715320069,-0.0205130989546023,-0.659800571317015,"(-0.0678,0.833]",1
-1.41690682764972,1,-2.72518996087378,-0.654615277878206,0.802499402419657,0.438251047306971,-0.307405440413442,"[-3.97,-1.01]",0
4.42405230886095,1,0.488114752248887,0.953960978479396,-0.728716530969446,-1.21052856570154,-0.881927450206018,"(0.833,3.94]",0
-0.103737923276104,0,-1.76910765492288,0.352951465489323,0.527209285728481,-1.4044199438289,-0.0953451587484263,"[-3.97,-1.01]",1
2.07721952402478,1,-2.64710667333016,0.206599292649613,1.67347877221231,0.720749157209312,-1.2759693730741,"(-1.01,-0.0678]",0
-0.402565111020594,0,-0.201935996829468,1.00111323431025,-1.41882802027083,0.0860355032767252,0.375584983964806,"(-0.0678,0.833]",1
-1.33745333353294,0,0.620377617761448,0.747451991640276,1.56191080116889,-0.13161704140846,-0.469230372596356,"(-0.0678,0.833]",1
-0.0245623137904038,0,-0.723157385364732,-0.626574836723139,1.35316100891808,-1.67605197893984,0.79893320361921,"(-1.01,-0.0678]",1
-0.0391321326008623,0,-0.945861385800277,0.395223685936714,-0.528696776691558,-0.569497990768113,0.426288199258715,"(-1.01,-0.0678]",1
0.782605886541145,1,-0.708824267305637,-0.892167954045577,-0.251272775479278,0.192205150896545,-0.512132013193506,"(-1.01,-0.0678]",0
-0.581199725306876,0,-1.26829766017454,0.630818410091773,-0.685847686292498,-0.486322920752822,-0.347515536975732,"(0.833,3.94]",1
-0.99219495470002,1,-0.741127162220742,-0.432705183284567,-0.570367652254122,0.0812840129938752,0.609392746386973,"(-1.01,-0.0678]",0
-0.293609048051125,0,0.333127130536565,0.452138644218517,0.579631381546157,0.384897246784297,0.735464318036699,"[-3.97,-1.01]",1
-0.348083733520309,0,-1.14285722667231,0.367999045196345,-0.898959005252115,-0.137501971038181,0.476708560673323,"(-0.0678,0.833]",1
0.681983854047953,1,0.256260864149676,-0.270387489661909,-0.190329887912783,0.427593109239094,0.328285766781953,"(-0.0678,0.833]",0
0.721308829867105,1,-0.517405301706226,0.465512617712979,-0.143903377346461,-0.243064448539363,-1.78126747525362,"(0.833,3.94]",0
0.355799724278112,0,0.234900003524745,0.574356225626969,-0.0965726512875554,-0.318352827853891,0.119396421345399,"[-3.97,-1.01]",1
-0.150182354079698,0,-3.02392184905213,-0.230699990157411,0.181446715722357,-0.25410639350801,-1.41829537201652,"[-3.97,-1.01]",1
1.32668587928452,0,1.94853560381975,1.17224250830245,1.59657420918631,0.638887430163066,0.076034377653877,"(-1.01,-0.0678]",1
3.92762472537584,1,0.598482802685955,1.39270270673312,-0.451331739893457,0.821065383166085,-0.660833242210851,"(0.833,3.94]",0
-1.08075169369659,1,-0.435268706157576,-0.661991255709585,-0.794880224800819,2.33547908658196,-0.105506046058469,"[-3.97,-1.01]",0
-0.427165952760001,0,-1.36871256096728,-0.777369206725014,0.792284349652293,-0.983307557611062,-1.18008588758692,"(-1.01,-0.0678]",1
3.58369583092206,1,-0.428662877548392,0.51353857890878,0.380472299761027,-0.707457440006258,-0.164359186462737,"(0.833,3.94]",0
0.378647692342453,1,0.458937801143616,-0.913312238041272,0.235787982992453,0.644149101349918,1.5194407743176,"(0.833,3.94]",0
-0.18507842956348,0,0.844791260610376,-0.449423805250301,0.59098826352041,1.63766532994621,1.82516507817365,"(-1.01,-0.0678]",1
2.61403966522593,0,-3.92391724020388,0.802932699103618,-1.41193020207889,1.22664817466431,-2.48863985015353,"(-0.0678,0.833]",1
-0.662593422494769,0,-1.56565606243936,-0.573476850981104,1.06329579229112,-0.467705618330812,-1.65432225038973,"[-3.97,-1.01]",1
-1.71512100435983,0,-3.00321120406319,-1.92812516784833,0.453917878897591,-0.678231063737989,-1.42085528137192,"[-3.97,-1.01]",1
1.80727963023357,1,-0.873019516724464,0.664390833822148,0.951312977019787,1.69640227133044,-1.27629656625184,"[-3.97,-1.01]",0
-0.793115698373799,1,1.02190821854993,-1.60254022379425,-0.598517713401516,1.54284685008907,2.07910079937255,"(-0.0678,0.833]",0
0.42856228858566,1,2.44175539205918,-1.35460025745385,-1.84194005034614,0.214527592060943,1.01553602068229,"(-0.0678,0.833]",0
-2.6547145620526,0,0.684371199262392,-3.0179326794179,-0.484589533147934,1.70068829575232,-0.109612816175039,"[-3.97,-1.01]",1
1.88472298059684,0,0.785671152168583,0.831237822230063,-0.906846815023397,-0.00798682964789259,0.981518881029313,"(-0.0678,0.833]",1
2.80275738038116,0,3.00489779990976,0.251097088847344,2.22276244740438,-0.817900364802769,2.26134720681062,"(-1.01,-0.0678]",1
0.223325145449507,0,0.38525785909335,0.462293465941329,-0.41346657637618,-0.0506101702835437,0.637089923803561,"(-0.0678,0.833]",1
3.26399571848253,0,0.348279138740415,0.844792223223237,-0.215673846704644,0.0799210865490335,1.77553654284699,"(-0.0678,0.833]",1
-1.11820451177328,0,-1.11858861232771,-0.0419715243215621,1.06297852007115,-1.55957109789405,-1.1475015474698,"(-1.01,-0.0678]",1
2.82961688703812,1,0.279316191670398,-1.10557590570003,0.620346526580243,-0.171497956746292,-1.07932259375455,"(-0.0678,0.833]",0
2.16515211525058,0,0.0229813170423907,0.563775652330874,0.673066651879,-0.418607092832335,1.06794985879243,"[-3.97,-1.01]",1
1.56756313790312,1,-0.338189586908831,1.30336475581967,2.63370956294833,0.491286818033161,0.89175319136426,"(-0.0678,0.833]",0
-3.61647462008366,0,0.613516991094759,-1.50022093779466,0.16611439867297,-0.53122843123103,0.870096509939708,"(-0.0678,0.833]",1
-0.0112483090221576,1,-0.604200916790927,-0.606989235119036,1.90517553753426,0.482220117734896,0.48576246486856,"[-3.97,-1.01]",0
-0.280068731208574,1,-0.695972652974232,-0.292245065656577,0.253718401313083,0.536291040049325,-0.471093692846051,"[-3.97,-1.01]",0
0.728475101549381,0,1.31740724986722,-1.2896833433236,-1.4590219672543,-0.279324207858902,0.949629993820546,"[-3.97,-1.01]",1
3.10048211914117,1,2.22326023516611,0.694105848774699,-2.22724824128035,-0.0435072647005839,1.84772759129207,"(0.833,3.94]",0
-1.5607181311653,1,1.00922589734605,-0.599181902897119,0.649683551167725,2.38151529195951,1.24040742887073,"(-1.01,-0.0678]",0
1.67216800776657,1,-2.60203162654956,1.25690664397164,-0.999249864768557,1.54803111335561,-1.38081421835124,"[-3.97,-1.01]",0
0.241265785103014,1,0.245818181688877,0.053508013627363,0.0419723836763139,1.55476199852898,0.474676877291482,"[-3.97,-1.01]",0
-0.262991317061897,0,-0.739192399223888,0.728092517671852,1.77704370004004,0.058111230113913,0.0123463579876949,"(-0.0678,0.833]",1
3.95214566982978,1,2.91645294165154,1.56109806821061,0.347182677337207,-0.839778915527164,0.0870999372857267,"(0.833,3.94]",0
3.01326801153232,1,1.13537873823625,0.26562475359719,-0.287097446149789,0.571123448655483,-0.182368193763325,"(-1.01,-0.0678]",0
0.882549526097331,0,-0.634455312548285,1.07672625920727,-1.92457665210911,0.0660477825630555,-1.26567026582532,"(-1.01,-0.0678]",1
3.01188985027221,1,0.0883574963503494,0.210697931679245,-0.800649109339913,3.58465949292999,0.331283912940739,"(0.833,3.94]",0
-0.755960449143039,0,1.18674915815859,-1.51167352582237,-0.575617970726623,-1.93189555365127,1.35172863098665,"(-1.01,-0.0678]",1
0.0534703310098421,1,4.83002189009586,0.022402259913625,0.684205732670356,-0.202832504245977,1.63656573626269,"[-3.97,-1.01]",0
2.44526578595758,0,-0.465247555495965,0.718136206042103,0.483457347617138,1.48371520427311,0.479932228852687,"(-0.0678,0.833]",1
1.48375144403422,0,-0.960706505633109,0.48945701784227,0.0139634087073798,-2.0985164001645,-0.736315911257857,"(-0.0678,0.833]",1
-0.432621468299663,0,-1.59715653114916,-0.17388834587827,0.180243734625121,-0.25964866605676,-0.583016619413601,"(-1.01,-0.0678]",1
0.210625850896091,1,1.33766362963399,-1.2176994886684,-0.2881232483085,0.334067935887184,-0.611431981951386,"(0.833,3.94]",0
1.03376100278465,1,-1.96528574063657,0.646398368709462,0.0302272228902285,-0.21963759163322,0.603350043610892,"(0.833,3.94]",0
0.404355805818048,0,1.74244249326734,-0.91645602834789,0.271674108529485,-0.931771803289107,-0.235763339357311,"[-3.97,-1.01]",1
-2.30971617716342,0,1.08591647426243,-1.25182344242557,0.449158427413426,-0.122240218296576,2.90421609162339,"[-3.97,-1.01]",1
1.56776257868811,0,-1.17335044443781,0.594927718405501,1.82762765843039,1.33852842346176,-0.268291279315417,"(0.833,3.94]",1
0.877826328923747,1,0.047412553168139,-1.23281066518983,-1.11202371088381,-1.34833119004437,0.148092848403041,"(-0.0678,0.833]",0
-1.32309891301015,1,0.44855978214978,0.244364414906138,1.47480743158371,1.41483572450998,-0.206794982835284,"[-3.97,-1.01]",0
0.186719225108355,1,-1.41827729478043,0.00277218534359506,0.671512460144392,0.914048945514682,-0.642560138451547,"(-1.01,-0.0678]",0
0.734063785930984,0,-1.32046569122064,-1.32820968602556,-1.54532854371443,-1.23668791849331,0.847571823884568,"[-3.97,-1.01]",1
2.46935565984767,0,-0.833025401534254,1.17969641183277,-0.277047227991105,-1.50076035467463,-0.527572126400654,"(-0.0678,0.833]",1
-1.04026521773348,1,0.477941329677251,-0.592804999148929,-0.62934299197198,0.0345386838965327,0.00237075710813171,"(-1.01,-0.0678]",0
1.92715203763768,0,0.443652131583551,1.19997831633667,-0.933000451619752,0.286299645402692,-0.281880233551283,"(0.833,3.94]",1
-0.498529894578886,0,-2.35687626298485,-0.475033679612135,-1.53788648422826,1.18620809384561,-2.8284746523873,"(0.833,3.94]",1
0.209671675799245,1,0.567349462321706,-0.575057096150816,-0.494102049599945,-0.037549371842548,0.650930316327698,"(-0.0678,0.833]",0
0.726793166968824,1,1.89783327909999,-0.031226024608499,-0.435360015270196,0.420371593973559,0.157759171113334,"(-0.0678,0.833]",0
-0.0661271045735681,1,-0.0737826081005035,-0.358056995978456,-0.323544676280226,1.28924648234277,-0.853437022665369,"(-0.0678,0.833]",0
0.207471263089759,0,0.103519345524909,-0.356601077647731,-2.06111361891619,1.17068918509962,1.36310008597407,"(-1.01,-0.0678]",1
-0.555105536007373,0,-0.247569124135412,-0.877664383433726,0.441502555095545,0.826093654084712,-1.26289617117116,"(-1.01,-0.0678]",1
0.227260768605143,1,-0.89392326004133,-1.21289712517796,0.746351246566367,0.323917065090484,-1.77794654572074,"[-3.97,-1.01]",0
-0.0520896715791117,1,-1.9421680695009,0.613286618687034,0.789642873824685,0.380950411454549,-0.686919645075559,"(0.833,3.94]",0
1.14945140585766,0,-0.30891508370651,-0.806203341462477,0.770740507039544,1.20261958279329,-1.18433552229326,"(-1.01,-0.0678]",1
-0.372706789553177,1,0.232072795480834,-1.3764569299089,0.200506317830367,1.10220575073214,0.789677301727648,"[-3.97,-1.01]",0
0.738173875767941,1,1.1311975022215,-0.507847899163547,1.46835003167775,-0.0615149399791465,0.0859637709502686,"(0.833,3.94]",0
0.418489886676136,1,-0.255387119176315,-0.800935486737338,-0.876455483940752,0.364589913995779,-0.370061442579403,"(0.833,3.94]",0
-1.95613397687443,1,-0.388373250492081,-2.19278568567007,-1.22660469372111,1.69255229998577,0.00933636704307702,"[-3.97,-1.01]",0
1.22833774488225,1,1.48297756051292,-0.290937149267675,0.337837919974576,1.47136701247198,-0.951059591672823,"(0.833,3.94]",0
1.56774977856889,1,1.56019510796509,0.167174121160518,0.440824087254149,-0.977247661344119,0.181717711397805,"[-3.97,-1.01]",0
-2.37057699414839,0,-1.87987888841165,0.294692356485688,-0.746516451736768,1.44820167458194,0.190339844032857,"[-3.97,-1.01]",1
2.33701224585863,0,0.079245964308428,0.392741265420726,0.0366061204319243,-0.0858556605918652,-0.0717387693981193,"(-0.0678,0.833]",1
1.77259944680059,0,1.1217415710271,-1.00084371300082,0.323309624203048,-1.57376980165346,-0.00285171005059469,"(-0.0678,0.833]",1
2.44414815050643,1,-1.86316596713053,-0.325727119823434,0.379676032401592,1.29247615946669,-1.10821896191248,"(0.833,3.94]",0
-1.89808772121085,0,-0.203344379564538,-1.00834880542884,0.876556495795362,0.084467755567716,0.935191767373595,"[-3.97,-1.01]",1
0.07752108110346,0,-1.58277076024471,-0.635431482033766,0.933387987569637,0.967045996480089,-1.48583945173733,"(-1.01,-0.0678]",1
-0.977791301976077,1,1.5292026282988,-1.20984068798734,-2.42880752268242,1.93911299421702,2.22854189842651,"(-0.0678,0.833]",0
0.816066586271548,1,-0.947179246781657,-1.11646380065269,1.72799402342117,1.07987263816564,1.6241352225378,"[-3.97,-1.01]",0
1.61664033373983,0,-1.2867332302052,0.629881162575935,0.456002646277211,-0.353593526833153,0.519764625253335,"(-0.0678,0.833]",1
2.43912174937796,1,-2.36767409284203,-0.272521570178626,-0.570360345745652,-0.134923124718565,-1.352028636762,"(-1.01,-0.0678]",0
-0.82931185454096,0,-0.000242667073892866,-0.258841168378671,-1.11462440217797,-0.987132433307501,0.426123827628841,"[-3.97,-1.01]",1
5.51219123596578,1,-2.46202468667928,1.72955817989149,0.905064265563895,-0.821708146060393,-1.66318758520667,"(0.833,3.94]",0
1.99717678775945,1,0.283984429734701,-0.0583921654073717,0.328096015484134,0.489530922514731,-0.269943621830999,"[-3.97,-1.01]",0
1.03295289206088,0,1.81228326310008,-0.537063784608919,1.07808996004782,-0.299277458909478,0.790790959773878,"(-0.0678,0.833]",1
3.91595010195792,1,0.523215799004393,0.74728669616574,-0.060315553702501,0.658254898574355,0.840608638772999,"(-0.0678,0.833]",0
1.72098487812665,1,0.995770076848333,-0.487257835389733,-0.243518761963125,0.832409549670791,0.0329694848504644,"(-1.01,-0.0678]",0
3.36793998807612,1,0.668891164024497,1.3729077814795,2.24142256068828,0.363463261222694,-0.238163753848546,"(-0.0678,0.833]",0
3.18070565405021,1,0.984779927816209,-0.377672360646221,-2.03599297085583,-0.398645658616952,0.263552286150818,"(0.833,3.94]",0
-0.50704215564197,0,-2.06022762998017,-0.616152614118394,0.390914465082838,-1.4979299895057,-1.59178517406521,"(-1.01,-0.0678]",1
-0.506494076770521,0,-1.20822045642057,-1.16812505107469,0.384813342899653,0.114628175272466,-0.376235068846935,"[-3.97,-1.01]",1
2.90527612772992,0,0.127808000862707,0.328640358591086,0.438695599541397,-1.03781661733663,1.81252714991038,"(0.833,3.94]",1
0.313211550172473,0,-1.35350658679485,1.46651062744016,0.55814090204657,0.645978871261567,-1.73809968261789,"(-0.0678,0.833]",1
1.47463652835296,1,1.70359785149971,-0.356009545088913,-0.276406382977446,0.772845400058577,1.62911115074531,"(-1.01,-0.0678]",0
-0.670337728116827,0,-0.158982936419724,0.261467641877431,1.16628807898223,0.316014158120416,0.528105441488507,"(-1.01,-0.0678]",1
0.201852011132232,0,-2.86474869225072,0.333328855175731,-2.45427723493739,-1.03811282479823,-0.360444186597554,"(0.833,3.94]",1
2.18021739992415,1,2.44282555998908,1.42219324030954,-0.805566259454567,-0.755137290088854,2.23761689061182,"(-0.0678,0.833]",0
0.361544636280785,1,0.782956454737568,0.663876600666173,-0.119144550620025,-0.491504309692582,-0.0401996174749625,"(-0.0678,0.833]",0
-1.03554901475351,0,0.902723728742715,-1.07365515569531,0.163216234138794,0.147225745107845,1.894125331564,"[-3.97,-1.01]",1
0.623849452565538,1,0.70458680503398,-0.69690177466674,0.406479507762917,2.35650304328533,0.024804649937664,"[-3.97,-1.01]",0
1.33729406298545,1,1.75559881446494,-0.746130456934561,0.639339995644309,-0.920668767105904,0.553425403100445,"(-0.0678,0.833]",0
2.20924686862634,0,-1.89823021503225,0.141572872132219,-1.50851763737235,-2.15684778320885,-0.574350945442218,"(0.833,3.94]",1
2.03045929392308,1,-1.41295514558529,-0.00394722073065307,0.00767060439702689,-0.120400049561303,-0.928337006439504,"(-0.0678,0.833]",0
-1.30447118841948,0,-2.82196219922476,0.367937501091765,0.524168022000385,-0.839244329563709,-2.00042544129482,"(-1.01,-0.0678]",1
-1.17978581334132,0,-1.84563106839501,-0.657342914697247,1.32633587157079,-2.17243990871478,-0.622068696299165,"(-1.01,-0.0678]",1
0.567958533357585,0,-0.453585352747078,-0.376346670161052,-0.113567734432564,-0.874307976154287,0.727145566485242,"(-1.01,-0.0678]",1
1.00137504700517,0,0.0619819073443997,0.741360060425085,1.59914947839686,-0.373579348902497,-1.10218330324535,"(-1.01,-0.0678]",1
2.88636105705391,1,-1.64103326113956,-0.0996067564484702,-0.281528098928179,-1.10219771209642,-1.15946277085336,"(-0.0678,0.833]",0
0.478397323185014,1,-0.189444832605555,-0.654289878607095,-0.0498981389105064,0.715659860663444,-0.43890563975272,"(-1.01,-0.0678]",0
1.05701779145549,1,-1.27698934274039,0.971164374061271,0.160214127321124,0.907640305684175,0.159134206763553,"(0.833,3.94]",0
-0.289209785862424,1,-0.97292699377799,0.0134963115683865,-0.502380562405328,-0.324805133785133,-0.49460068553302,"(-1.01,-0.0678]",0
0.518879966771225,0,1.41548143486289,-0.916534667021545,0.715938048776189,-1.48158593228175,1.21236784558103,"[-3.97,-1.01]",1
2.56273160777731,1,1.90271106711519,1.70968856126164,-1.34578730316321,0.594171138863542,0.292632425911828,"(0.833,3.94]",0
-0.66163151134697,1,-0.526146358917891,-1.16810098994666,-0.0056435653021491,-0.854874687119545,-0.0360424610323628,"(-0.0678,0.833]",0
0.783218753954727,1,-1.22351994748346,-1.78103626015252,-0.540542549739533,-0.829917536632547,-1.10261610256618,"(-0.0678,0.833]",0
-2.17490332026374,0,-0.730273542686724,-2.25313244856822,-0.547073740849682,0.149106814964156,-0.935640286949069,"(-1.01,-0.0678]",1
2.49436644254749,1,2.07606210098305,0.6511259695467,1.15144538704443,-0.976146041384047,0.460837326820304,"(0.833,3.94]",0
1.23447915318734,1,-0.112389327217825,-0.532832625602767,1.05221968194591,-0.294684407656388,-0.332363462610624,"(0.833,3.94]",0
0.85669341655184,0,1.14096800316019,-0.275559356972283,1.59802652870266,-0.770974915815347,1.10616326882244,"[-3.97,-1.01]",1
1.08588878129924,0,-1.7708157712429,0.289626972629046,-0.263796793108459,0.392283707078743,-1.63369360485113,"(0.833,3.94]",1
0.121161087226446,0,0.562486770956499,-0.466484061790764,0.0324007875469165,-0.846305904884495,0.335192800595372,"[-3.97,-1.01]",1
-2.1785041378501,0,-0.724144411294933,-1.60806017494469,-1.55158330768591,-0.843759930930453,-0.524657444990143,"(-1.01,-0.0678]",1
-1.2536995873513,0,1.39433484753641,-1.94978379604199,-0.388179430024523,-0.961888444288268,1.4633710753022,"(-0.0678,0.833]",1
0.443352734456897,0,-1.01745486558917,-0.340699918230981,1.76414812218013,0.0110496533565447,0.427178041986581,"(-1.01,-0.0678]",1
1.04120301821798,1,-0.652514087840318,0.17472552733132,-0.41652772756372,1.21494896542184,-1.02512982017635,"(0.833,3.94]",0
-1.90949651677326,1,-0.948106671397282,-2.27777756077723,-1.16633868878939,-0.888878515738284,-1.30805832132281,"(-1.01,-0.0678]",0
0.19903546111995,1,-2.13866172248054,0.290524480947084,0.0418945661851059,0.218101261446603,0.229601886628634,"(-1.01,-0.0678]",0
-0.868400642173108,0,-1.63171025491154,0.422306357473614,1.24648913025954,-0.656116999607038,-0.307021277811913,"(-1.01,-0.0678]",1
1.80515570110684,0,-1.74768697918007,1.29473736320671,-1.57797130420835,-1.08851584728066,-0.0838330995421848,"(-1.01,-0.0678]",1
-0.286378674131387,1,0.258722813323943,0.164714018573954,-0.253820471789102,1.0911308981077,-0.165731840611065,"(-0.0678,0.833]",0
4.07284645717129,1,1.97732145422816,0.204953840800235,0.467830542050614,-0.569227321657799,0.655012558663501,"[-3.97,-1.01]",0
2.7940135459364,1,1.71582823930396,0.604603626725806,1.97752999445585,1.6208101305906,-1.07483472817753,"(-0.0678,0.833]",0
2.1985114007389,1,6.0922989878306,-0.0191407691689314,-0.615605794843624,-0.686988445583741,3.4709096034659,"(0.833,3.94]",0
1.42756116788557,1,-0.266569566778211,-0.0797143473788086,1.51942160121109,0.656996703568632,0.294080892384017,"(-0.0678,0.833]",0
-0.894455277969368,0,-2.71508740712997,0.115984464402805,-0.43289519356181,1.1106922152347,-0.536373846346391,"(-1.01,-0.0678]",1
-0.976192880282993,1,-0.796599948676621,0.744173364048388,-1.03101770806171,2.14072073006633,-0.144773495445704,"(-1.01,-0.0678]",0
3.23323989924004,1,2.34658160411831,-0.431290603527693,-1.13433449832271,-0.830971809132396,0.542130527840553,"(-1.01,-0.0678]",0
0.634776691339638,1,0.0469563354586682,-0.499528951911234,-0.221098125377531,0.0764058561981353,0.634175193192409,"(-1.01,-0.0678]",0
-0.879857069774478,1,-2.5787027944642,-0.865162076755711,-0.0224146989039466,0.935824446199053,-1.77485606890494,"(-1.01,-0.0678]",0
-2.74767010021693,0,-4.16288122186953,-0.957757283271874,-0.32290182802397,-0.50166670286481,-2.06613588468656,"[-3.97,-1.01]",1
2.45053574424643,1,-0.336733800104572,0.326799971338638,1.05222315972554,0.59485346385118,-0.0899069094632118,"(-0.0678,0.833]",0
3.75206343767433,0,1.78357472775767,1.54737222568518,0.189541165695199,-0.430651169136371,0.836802178058687,"(-0.0678,0.833]",1
1.38936909846753,0,-1.32299625741862,-0.968859568864431,-0.105827608865873,-1.13333905267279,0.166240833093532,"(-0.0678,0.833]",1
1.21695874718857,0,1.08262015397616,-0.188440426259463,-0.602554472532716,-2.23717155976963,1.02552557344612,"(-1.01,-0.0678]",1
0.200244891290913,1,-1.13559889944074,-1.03000116145592,-1.29601593126204,0.514639572443142,0.403188458132936,"(-0.0678,0.833]",0
1.34061206544747,1,1.24878350290024,0.908086441860496,-1.95932663870655,-0.341907115162922,0.4115921198628,"(-1.01,-0.0678]",0
0.173426416171885,1,3.19757354955298,-0.317381864708129,0.21341173052117,1.71787742881929,1.68018682802245,"(0.833,3.94]",0
1.81491415178217,1,-0.561366106279733,0.179003966540422,0.0253358701112366,-1.11637790865796,-1.06210757323509,"[-3.97,-1.01]",0
0.0165175937292488,0,-1.64389776222927,0.348028187729177,1.36502318785994,-0.488479619162847,-0.791235649678155,"(-0.0678,0.833]",1
0.668016173783048,1,2.10365777047896,-1.05427902127444,0.291093808244857,0.807332293407758,0.388512274160985,"(-1.01,-0.0678]",0
2.91151512219669,1,1.47359801052921,-0.104744288110701,0.79721770112609,-0.261008741670786,0.253998499450374,"(0.833,3.94]",0
2.64213002738977,1,-2.94616212749502,-0.228342617094529,0.0409863743756614,0.488059917826579,-2.18716829258598,"(-1.01,-0.0678]",0
2.79894691290089,0,2.22567529939899,0.675355562427539,-0.818324049625889,1.35278382096951,0.537800433283471,"[-3.97,-1.01]",1
-0.22376243163644,1,-2.20762939560736,-1.23324469350631,0.289640643164427,2.17681559130925,-1.28988641170683,"(-1.01,-0.0678]",0
0.213599701155845,0,-1.93131724867221,-1.19996154442278,0.339787111301115,0.051387111206838,-1.22554397015877,"[-3.97,-1.01]",1
0.892512708526219,1,2.18466849727156,0.765866576616108,-0.817392730763433,-0.838095445235414,1.72711355277575,"(-0.0678,0.833]",0
0.656975378352579,0,1.60166049764759,-0.588097861282977,-0.0287493152280801,-1.08461500930842,1.1603578032903,"(-0.0678,0.833]",1
4.0279762555268,1,0.633169968276997,-0.660295829975576,2.00078165111199,-0.546532769073342,-0.74816158375162,"(0.833,3.94]",0
0.222057639016725,0,-0.171625936712261,0.113013522197344,-1.12926606328462,-0.426509704704706,1.66667232493041,"[-3.97,-1.01]",1
0.697739749696222,0,-1.49405344396428,-0.320398799686039,1.47217859206972,-1.21099755539979,-0.529697424571316,"[-3.97,-1.01]",1
2.86258091533753,1,1.55284583960154,1.86638149693879,-0.227068916484902,0.597792997779025,1.02864835063927,"(0.833,3.94]",0
0.919784165895949,1,3.27665549343746,0.259531455767799,1.48231059624201,1.42389578908393,1.3767179910649,"(-0.0678,0.833]",0
3.99931329714645,0,0.772557275234296,0.16156007091807,-0.843053174487288,-0.443298625558346,1.33100295826265,"(0.833,3.94]",1
1.30833197269031,0,1.58843125802351,0.931074909335354,-0.0661953274558979,-1.04033346567429,1.25465594943585,"[-3.97,-1.01]",1
1.25699246155494,1,-0.039728615501511,-0.0599467492596211,0.311233498357864,-1.27389707840725,-0.287334553809268,"(0.833,3.94]",0
0.276132115398559,1,-0.306569907582752,0.0487397000774502,-0.112590228303414,0.770151612011797,-0.546735518159085,"[-3.97,-1.01]",0
-1.51166014028836,0,0.0541644962272368,-1.07287540073396,0.658738838942645,0.031522621976529,1.253927471065,"(-1.01,-0.0678]",1
-1.33614377456196,0,-2.15246270074285,-2.29297143048067,-0.16686150010949,-1.90485475143827,-0.0717229189590111,"[-3.97,-1.01]",1
-0.0894456459897086,1,-2.55805679682553,-1.20720685006434,1.20887346516015,-0.123755177145571,-0.682436621264268,"(-1.01,-0.0678]",0
1.5700212566161,1,-0.10909465677004,0.114109429797191,0.170419433884223,0.000328377213438334,-1.02499645828567,"(-0.0678,0.833]",0
0.29003104239933,0,0.564882715017792,-1.03329707910538,0.692419636244747,-0.843778344728857,1.30157781471653,"[-3.97,-1.01]",1
0.708817576069135,0,1.14097524204413,0.688807752342063,-1.18554693655878,-1.22133337042893,0.758060825406684,"(-1.01,-0.0678]",1
1.32490225405881,1,-0.200496372311957,0.725083017674864,-0.658389290697043,-0.452985993615507,1.4796143353762,"(0.833,3.94]",0
0.992173428866373,0,-0.745421362027403,0.217380210939088,1.08950794879155,-0.702319931281128,-0.619562406414632,"[-3.97,-1.01]",1
2.2692177215852,0,0.725202715147644,-0.201656731618378,0.508785941160661,-0.674380385485126,0.259687227256229,"(0.833,3.94]",1
-0.106840838684097,0,0.491415629960414,-1.36568986058868,-0.135906625600424,-2.30302319048591,-1.08652092497737,"[-3.97,-1.01]",1
0.749203411471451,0,-0.640251690292278,-0.30893760867716,-0.108782736956893,-0.149332904782873,0.086223563193975,"(0.833,3.94]",1
2.50474211409597,1,0.195335507332658,-0.452902886537227,0.754900160454641,0.948689589970129,-0.846202449052606,"(-0.0678,0.833]",0
2.18894305575223,1,0.856751644213949,0.663229144519792,-0.223811321619966,1.15636246052357,0.388905864370388,"(-0.0678,0.833]",0
3.16003502440584,0,0.269102546128681,1.3086295367487,0.0749551709399243,2.07435248589762,-0.0376358153463912,"(-1.01,-0.0678]",1
-0.0363461802442242,1,1.59435749321196,0.501040309894498,-1.64595480215,0.265289970321459,1.44560164892583,"(-0.0678,0.833]",0
0.096002948496677,1,0.437627554734736,-1.12828853519737,1.77400936515502,-1.05200382914047,0.317224482102685,"(0.833,3.94]",0
2.96815424773345,0,-0.948527038699208,1.67099730539817,0.765967915976575,0.50234223621863,-0.40398049081909,"(0.833,3.94]",1
2.32152297132879,0,-2.16944187235197,1.01035303245212,0.832287843010755,1.09984502312187,-1.74023733047524,"(-0.0678,0.833]",1
-0.733402490994525,1,-0.682335055660017,0.223521215874458,-1.90545752247312,1.88650483041417,-0.452821278920118,"(-1.01,-0.0678]",0
-1.36339173874134,1,-0.464247813603381,-2.20648459320962,-0.0208366761944145,0.811253500689395,-0.586087506559595,"(-1.01,-0.0678]",0
-2.21971931947699,0,0.792681503211607,-0.954585618553158,-0.408933912448218,1.41824380879396,1.14791904431639,"[-3.97,-1.01]",1
0.0644550948739022,1,0.914997633118933,-0.0685730672102366,-1.3763863065768,0.439169901702954,0.457363259644693,"[-3.97,-1.01]",0
1.39176745672069,1,-0.69211776509963,0.76130590156527,0.727430374393256,-1.2775016086011,-0.587806362058572,"(-0.0678,0.833]",0
-0.181803857676661,0,-1.2258837111532,-1.17990419995829,1.23413078123709,-0.861373205211443,0.227914940694947,"(-1.01,-0.0678]",1
5.46331920499908,1,0.562559864450582,3.21119895676729,-0.553224405877467,1.88698587497109,0.134147741846246,"(0.833,3.94]",0
-2.23761750307807,0,-1.18110817531555,-2.55382485095083,-0.229190177928735,0.704087313182904,0.329327772114258,"[-3.97,-1.01]",1
2.27759083925601,1,1.51577543365472,-0.235933949334065,1.71146198892227,-0.66772052533203,-0.297512213642794,"(-0.0678,0.833]",0
0.636945960279813,0,3.70733141405871,-0.259562643261435,-1.64980790329701,-0.705714342057153,1.18498797306452,"(-0.0678,0.833]",1
1.65216842381613,0,1.28420875107777,-0.663366916619193,0.744220785437819,-0.920718579914376,1.30953538662527,"(-0.0678,0.833]",1
2.79512568957326,1,-0.258731663890633,-0.318990710826149,-0.314021323980916,0.148473291996029,-1.17045526511543,"(-0.0678,0.833]",0
1.74349656787715,0,-0.398260212327282,0.742395157572315,-0.115310841404454,-0.250017361132774,0.996118866300114,"(-1.01,-0.0678]",1
1.94880405857756,1,0.132972703152946,-0.874292675785773,-0.61097434277214,-0.941768954111299,-0.746997016690059,"(-1.01,-0.0678]",0
-1.67815467555507,1,1.2172450249898,-2.08281376630328,1.09669537901904,1.21419901863892,0.221867656465582,"[-3.97,-1.01]",0
-0.985973028261803,0,1.36405336206781,0.0937679028102175,-1.12716761108376,0.018566433000226,1.0009452311825,"[-3.97,-1.01]",1
1.75341355567599,1,0.452104966745191,-0.00181981200279561,0.962609492438297,0.757831699457548,0.494143258559294,"(-1.01,-0.0678]",0
0.283318693995035,1,1.62350892230341,-0.013100652371574,1.40646401623189,-0.380062699996006,-0.00844441753463621,"(-0.0678,0.833]",0
0.423941285253829,0,1.65021232996389,0.667968074558104,-1.6416495088997,0.174948713347219,0.0961369855328748,"(-0.0678,0.833]",1
0.150423044244235,0,1.55311699525214,-0.0131677029521626,-1.12690419254923,1.03352330902476,2.25070523918321,"[-3.97,-1.01]",1
2.46284631305554,1,1.93999064478618,0.776047030476303,0.591545480502423,0.67572399543247,1.4366346913565,"(-1.01,-0.0678]",0
0.389398535279366,1,1.65928140013651,-2.01073533263526,-0.956309119505936,0.94128124291257,0.0104077495384871,"[-3.97,-1.01]",0
-2.0229680314972,0,-0.644683173645941,-1.1281804949718,-0.691529886346393,-1.82663007251395,-0.320791891518128,"(-0.0678,0.833]",1
0.483324938405992,1,1.28093041260871,0.34879957158572,-0.445352767351361,0.177204381296563,1.84167486726203,"(-1.01,-0.0678]",0
-2.16960103942212,0,-1.66964822682851,-0.352898482096924,-0.344484228326568,-0.191807861947269,0.0899247252253415,"[-3.97,-1.01]",1
3.58066860730706,0,-0.861651704250054,0.944774597917623,0.703698185246122,-0.650198710009829,0.402792818116791,"[-3.97,-1.01]",1
-1.36941520661878,0,-1.34279378074801,-1.00471985252646,-0.603005764794259,-0.560696341260001,1.30939370465749,"(-1.01,-0.0678]",1
3.39365053665974,1,-1.31401713848573,0.723902732496846,0.0893504124146815,1.67576579329994,-0.613254222725411,"(-1.01,-0.0678]",0
0.528753789373304,1,-0.628087797421998,-0.668832740990364,0.737494637219904,0.430534600439241,-0.435480084919432,"[-3.97,-1.01]",0
0.159979766948439,0,0.466896223320295,-1.1130401937158,-1.54037944457177,-0.144606620357246,-0.382106084270801,"(-0.0678,0.833]",1
-1.03663010287462,0,-1.4801659299891,-0.342805189366945,-0.689632292648809,0.939025712144101,0.171328176109932,"(-1.01,-0.0678]",1
1.65205800226039,0,-2.19806941494671,0.0497793231687396,0.859793460209431,-0.545496749523291,-2.41656246344689,"(-0.0678,0.833]",1
0.600751005555919,0,-0.696425202696328,-1.22768196152554,-0.376519740675772,0.138850363215646,-0.41817143658625,"(-0.0678,0.833]",1
2.68981358015973,1,0.902379679953861,-0.764005910827448,-2.53508347030523,1.44686231335255,0.707195564900496,"(0.833,3.94]",0
-2.21924274311838,0,-0.390954464930157,-1.24618206161788,-0.857809228617209,-0.332628086150536,0.31180753531698,"[-3.97,-1.01]",1
0.522362502896689,0,1.89680921104912,1.01677397775977,0.816026406926163,-0.799156272263214,0.350640156782387,"(-1.01,-0.0678]",1
1.58072014038961,0,-2.0661088572539,0.723612624058863,-0.426588909225775,-0.548292745132407,-1.58686541262596,"(0.833,3.94]",1
0.672779068555696,0,1.25519457372408,-1.03252713710511,-0.40463684004168,-1.05079620451942,0.216521654079693,"[-3.97,-1.01]",1
1.15063456457599,0,-1.22470439701108,0.557346004122758,-0.145769224262472,0.252662491033329,-0.114749842879395,"(0.833,3.94]",1
1.05515485748268,1,-0.74288094486693,-0.255581423099522,0.71946636806737,0.327861853995298,0.0203381232290744,"(-1.01,-0.0678]",0
-0.761166037634805,0,1.30415514492703,-1.11339175714667,-0.491090752219327,0.855672400490503,0.892790261937783,"(0.833,3.94]",1
0.747781705680232,1,-0.0629349436939233,0.421197439614804,0.475958438418499,1.80176227162749,1.44808414754465,"(-1.01,-0.0678]",0
1.20564166317662,1,-0.60946701601731,-0.322950311846374,0.573153668052675,1.40524081174873,-0.252030872055032,"(-0.0678,0.833]",0
3.89427144687233,0,0.268971558623527,0.880179901191522,-1.01885957771565,-1.25079179413567,-0.597471279167578,"(-0.0678,0.833]",1
1.55463068218894,1,0.0595406200638022,-0.194863606775901,-0.0618722344363663,1.99910885447275,-0.247740839749518,"(0.833,3.94]",0
3.17858669055598,0,2.20942897530219,1.18805498210378,-0.538305101604451,0.139278487592147,0.774365940151647,"[-3.97,-1.01]",1
1.84737838434543,0,1.80207695622793,-0.509764511767954,0.416954726110764,-0.386669103439724,-0.118587206170082,"[-3.97,-1.01]",1
-0.784885523939774,1,-0.643188640377359,0.219548010873294,-1.50827665613024,1.85563569044348,-0.417581271100897,"(-0.0678,0.833]",0
0.361719709624144,0,0.163883365683484,0.370294421364558,1.53916992776747,0.42885538447628,-0.052426353257736,"(-1.01,-0.0678]",1
0.889006952331479,1,1.22514010561008,0.279108393730607,1.346018088596,1.73079013958977,1.35395020283372,"(-1.01,-0.0678]",0
2.13880292029005,0,-1.6516788576544,0.201942437313324,-0.842855777501525,-0.0435236741393199,-0.920651427306943,"(-1.01,-0.0678]",1
0.535868069341318,0,-1.10543108439056,-0.0129965424313442,-0.669874227807658,-0.73108580813751,-0.310771373996955,"[-3.97,-1.01]",1
1.02882277837221,0,-0.101080895243438,-0.09086500607749,-0.908487448146122,-1.96596407622063,-1.05580296818196,"(0.833,3.94]",1
4.06025825230297,1,3.91403397853027,1.36503136531884,-0.136540641797694,1.12686531518852,2.2387442557997,"(-0.0678,0.833]",0
1.17411599109162,0,-0.694052788505073,0.908130568883166,-0.501037963291251,-0.888084388434115,-0.473062140033249,"(-0.0678,0.833]",1
-0.584272809650718,0,1.58760648915861,-0.609888171401906,0.1126384468164,0.871359260391992,0.906054085480868,"[-3.97,-1.01]",1
5.25115576234982,1,-0.921107173882968,1.39643722121945,-1.87521756309427,0.119893566616341,0.037916931594142,"(-1.01,-0.0678]",0
1.30686167373853,1,-0.458744482925642,0.144798373308446,0.158546714458315,0.472434944803404,-0.175362283023761,"(0.833,3.94]",0
0.120463621969776,1,-0.16233189023023,-0.640606771595302,0.0155626712640043,1.26663990982006,-0.361609025278738,"(0.833,3.94]",0
2.57736587347149,0,0.356661786972504,0.169802259558534,-1.60060346126013,-0.485316378946902,-0.803621542084907,"(0.833,3.94]",1
-0.04130134532332,0,1.670105816514,-0.157187487420844,0.275973089169957,-0.461533586184343,1.34157635107538,"[-3.97,-1.01]",1
1.08888790881479,0,2.82615880640058,0.100939594546104,0.0549526398709077,-0.231758337278765,0.625930654378281,"(-0.0678,0.833]",1
-0.67601468285334,0,-0.131961467296311,-0.97339415414828,-0.230573354697258,1.06035377243819,0.0311307079941854,"[-3.97,-1.01]",1
-1.44009226166263,0,-2.33421124957172,-0.819825275253199,-0.0132162906038914,-0.474785704501272,-1.09491334946943,"[-3.97,-1.01]",1
2.39272317478893,0,-2.2436507087674,1.36291896902543,0.384949196022327,-0.175510280957714,-0.486414065558645,"(-0.0678,0.833]",1
1.14884083799997,1,0.0533196649829792,0.961370930531278,0.346723717001246,0.796324499089145,0.953093683264103,"(0.833,3.94]",0
0.418353205346489,1,1.29264743820592,-0.883724474401114,-0.431612760578627,0.77874531585307,-0.994513348092816,"(-1.01,-0.0678]",0
2.03180352990355,1,1.04357162582061,-0.900092115436322,1.1501780393287,0.796802566246094,-0.571870322518042,"(0.833,3.94]",0
0.605737029521078,0,1.73507459270514,1.72333313279683,-0.0365321928878792,0.0490515728363375,0.783173181570287,"[-3.97,-1.01]",1
3.51058652447682,1,-0.0563783097824103,1.90904216212893,-0.135801421736564,0.762612934834823,0.381366421089077,"(0.833,3.94]",0
0.778056565670493,1,0.0419223153452994,-0.777141195855263,0.944618045644523,0.285993069636396,-0.60005817395716,"(-0.0678,0.833]",0
-1.08714080548421,1,2.19161034428399,-1.30230526261311,0.992041361670064,-0.632815038152827,1.65261512009413,"[-3.97,-1.01]",0
1.85395387524969,1,-0.942971075374164,2.62349516681868,-0.700669754968901,1.8043844808011,-1.19076693514159,"(0.833,3.94]",0
-1.49064394381291,1,0.0876724242456237,0.229628914346807,-0.991058671834594,-1.86301097301425,1.41567745190252,"(0.833,3.94]",0
2.77531148317789,1,-0.372963644357613,0.186749892141885,-0.705618052658819,0.845528381213056,0.814172817192482,"(0.833,3.94]",0
3.95459775817891,1,-3.84422872612104,0.0761366349502805,-1.17577589332822,0.341667682894606,-2.09757104835645,"(0.833,3.94]",0
4.21145574181225,1,1.31417427994583,1.40486018632133,-1.78119695174032,0.0227776061434687,0.320165082487674,"(0.833,3.94]",0
0.982894278081615,0,1.55857797316839,-0.191722235336317,0.310607521838391,-0.611399988446644,0.801025120424051,"[-3.97,-1.01]",1
2.36516780819783,1,-0.948531151596785,1.45939216415609,-0.145110360949431,-0.260526772474753,-0.791680654042778,"(0.833,3.94]",0
1.53262105685419,1,2.27338853709517,-0.220655451134541,0.642549753692457,1.80567031464304,-0.0106662632339682,"(0.833,3.94]",0
0.728375248578704,1,-1.6219974190223,0.50514588627314,-0.00165936230130426,-0.0969992670036506,-1.62351793994448,"(-0.0678,0.833]",0
0.235751742673808,0,-1.54366151306275,-1.03349700607288,0.409162962077351,-0.384486699785057,-0.907567051887799,"[-3.97,-1.01]",1
2.87755101953248,0,1.85523966439798,0.17047347145922,-0.496058147310148,-0.878362142505014,0.136766722422639,"(0.833,3.94]",1
3.50189017103818,1,1.49634500027449,1.20066816089193,-0.960107958901165,-0.495578521936918,0.271187956531974,"(-0.0678,0.833]",0
2.19483595492118,0,-0.659792762904725,-0.163405914765736,0.778132224570433,-0.0842924535744518,-0.07366121520502,"(-0.0678,0.833]",1
1.65682337254779,0,-0.83366990517022,1.28247586312264,0.761120616327841,-1.35772206705499,-0.77443032842804,"(-1.01,-0.0678]",1
4.80662546553616,1,1.94675883632158,2.72719638791127,-1.73371218388323,1.14269781676707,0.593816135526189,"(0.833,3.94]",0
2.90363163065813,1,2.94604130078082,0.941924217330924,0.877294651826757,0.0978270374471885,1.32750455958168,"(-0.0678,0.833]",0
-1.23111793459806,0,-1.16844772910309,-0.248614037279559,-1.77337143893369,1.46502102859676,-0.600835831817181,"(-0.0678,0.833]",1
0.232808563388615,1,-1.20133392348269,0.0964788597064851,-0.0456873243111543,0.990435852724289,0.0565068582510194,"(-0.0678,0.833]",0
0.321386840572795,1,1.15462202322916,-0.433930941301739,-0.394872253984139,1.41438675072227,-0.531076289581877,"[-3.97,-1.01]",0
2.98257574316203,0,-0.233500092586186,2.17866786745157,-0.128056266421018,-1.33589776931334,-0.0808987843769502,"(0.833,3.94]",1
-1.53345123496965,0,-0.80297756935226,-2.95877961913012,1.09623773188662,0.579583638393261,0.160755586671381,"[-3.97,-1.01]",1
1.90046754201956,0,-0.409780760385437,0.0808882391991137,-1.2552178606199,-0.361821214298648,-0.102140564663634,"(-0.0678,0.833]",1
0.38678051860558,1,-0.462806328909815,0.110137804617221,-0.265483694629895,-0.046852449651786,-0.354749969786071,"(0.833,3.94]",0
2.99619716335226,1,-1.440629006832,0.213448326312653,2.55330249004026,-0.599477471411771,-0.471227347093368,"(-1.01,-0.0678]",0
-2.99389405938474,0,-1.09182143755223,-1.55781961263232,-1.47830630595052,0.215104493222833,0.0340441773616117,"[-3.97,-1.01]",1
1.55460485535513,1,0.4368748077718,0.216211546257758,-0.626587568230723,0.093631485479041,-0.200721207356766,"[-3.97,-1.01]",0
-0.0153518713291888,0,1.58547831546022,0.18766381702644,-0.0410520223413907,-2.11983441513135,-0.544448628769274,"(-0.0678,0.833]",1
-0.312795213733206,0,-0.99016326437937,1.2586221252136,0.199953219832439,0.852443088824704,0.377362269645537,"[-3.97,-1.01]",1
1.00464112327686,1,-0.16062731108623,0.523517780908964,-0.533305600527376,0.15437457231326,0.403728160580446,"[-3.97,-1.01]",0
0.680495958684986,0,0.438811898930901,1.11545427747996,-0.266032317684011,-0.971861640205416,0.170236937543032,"(-0.0678,0.833]",1
0.529226656743663,0,-1.62949238921742,-0.95750224217047,1.08414781411867,-1.10142783592314,-1.10107992122072,"[-3.97,-1.01]",1
-1.92449247766903,0,-1.22871460035804,-0.124405579855432,-0.180745479625044,-0.690244888297098,0.402469699291095,"[-3.97,-1.01]",1
1.87848199444662,0,0.199086413184791,0.191737829049968,0.251555319378233,-1.58363492221125,0.425816177210946,"[-3.97,-1.01]",1
1.75242588601784,0,-0.376186038726939,0.272217250603347,0.369542235154893,0.137766066513836,-0.283128718862383,"(-0.0678,0.833]",1
1.17092151341042,1,-0.927824498599759,-0.693814463673255,0.407034259389767,1.50234395496283,0.553632072115556,"(0.833,3.94]",0
3.56768590885595,1,1.01954112011679,1.47917192085213,0.492505019245782,0.192881587148273,1.26435623247709,"(0.833,3.94]",0
-1.36816285247994,0,-0.269455540062139,-0.611767021642771,0.0546325790523077,0.527154734523825,0.327802463194629,"(-1.01,-0.0678]",1
-1.6720889058068,0,1.31498801630151,-1.61430997435935,-0.708674076161911,-1.48320629120238,0.765106373309395,"(-1.01,-0.0678]",1
-1.40749845806766,0,0.00500009889576281,0.402490110590671,-0.0582707524435477,-1.53920072330941,1.28257345881025,"[-3.97,-1.01]",1
1.44858312256621,1,1.50460672154778,0.664555447289484,-0.963421822237506,-0.896432886914323,1.65888693382934,"(0.833,3.94]",0
2.3817550048868,0,-2.14117932722164,0.944127070994937,0.0933932966058741,0.721069979748221,-0.480729813134911,"(-1.01,-0.0678]",1
-0.317708297834622,1,-0.223360824657172,-0.946260797708288,-0.347901133459108,-0.884501944686544,-0.407834514587087,"[-3.97,-1.01]",0
0.0459358460962391,0,0.523264301662382,-0.248288449238896,-0.118334438145549,0.558598525708553,-0.328918791729082,"[-3.97,-1.01]",1
-0.283904445143539,0,1.10326065620174,-1.32843646853908,-1.09909095717492,-0.218737504846289,1.10107658785062,"(-0.0678,0.833]",1
-0.702960565427303,1,0.527370736176009,0.844763742098917,-0.283076412422231,0.383623482386597,0.581717960782718,"(0.833,3.94]",0
3.77312910810215,0,-0.544374975788772,0.347696732438648,-1.08973467284561,-1.03912011024684,0.957779202757363,"(0.833,3.94]",1
0.620504024083054,0,1.45021288197954,0.913762586431107,-0.405665544099862,-0.948992248570827,0.301421804337359,"(0.833,3.94]",1
1.10656753314992,0,-0.827074087138328,0.608274553380681,0.526907259597763,-0.104160953983452,-0.288461063573085,"(-1.01,-0.0678]",1
-0.433145908233965,0,-2.82843118376305,-0.607547987804487,0.240419981775496,-0.208711102723908,-1.45615158789359,"[-3.97,-1.01]",1
0.296801387188935,0,-1.70525271085179,0.179658070871844,0.898362457249366,-1.78873019525217,-1.70465154066219,"(-0.0678,0.833]",1
1.27042669616757,1,3.05903164874628,-1.90840941941738,0.487968126935476,0.537084421086505,2.01122119129553,"[-3.97,-1.01]",0
0.152714520155435,0,0.54195242370847,0.502946257689095,0.111991365197539,-1.94969607009284,0.00396133245276825,"[-3.97,-1.01]",1
2.19852789022014,1,0.821747344202066,0.968899153478499,0.998313347136219,-0.415234461553216,0.558221906568822,"[-3.97,-1.01]",0
-0.0106804023479932,0,-1.02122779368876,-0.875737125773327,1.19171680875342,0.0551296705930179,0.694493685600807,"[-3.97,-1.01]",1
0.93869818443972,1,2.0880019987527,-2.13602453869801,-1.39938756712371,-0.701999719088772,1.44632123678831,"(-0.0678,0.833]",0
1.10829673271277,0,1.41995901847865,-1.52282758158501,0.892147736646772,-1.40383903257398,0.633468743359524,"(-0.0678,0.833]",1
2.52407909353947,1,0.357866548150479,-1.11311820788607,0.777958970340806,-0.398823930892521,0.0263703369604992,"(-1.01,-0.0678]",0
2.78136009849717,1,2.44198870173998,1.2409838955359,0.941914516346951,-0.110421799564805,0.742875516154548,"(-1.01,-0.0678]",0
1.87046728111004,0,-0.173620246735263,0.00348193506299025,-0.908802712301102,-0.924078451273399,0.347303392127326,"[-3.97,-1.01]",1
-0.831109353998132,1,-0.935114016027633,-1.23779458599307,2.40893084447621,-1.35724300041576,-0.628654925909305,"[-3.97,-1.01]",0
0.579685310915095,0,2.05859863433845,0.555699118898025,-2.59425017430808,-1.19460448275129,0.958491926298926,"(0.833,3.94]",1
-1.40469446375837,0,3.07019265515089,-2.1831493493599,0.00686303751409396,-0.528487779287787,0.164441350143759,"(-1.01,-0.0678]",1
-0.384711552660748,1,-0.484769059717386,-0.247024457097248,0.118106668928336,-0.45262688672095,-0.034705900963032,"[-3.97,-1.01]",0
1.99829698469785,0,-0.119944653581971,1.11285692758645,-0.14969732641009,1.41948519316134,-0.920743815374439,"[-3.97,-1.01]",1
1.74509845226388,0,2.5035255880639,-0.341673237009086,0.747873287863168,-1.28568114451572,1.14805514963721,"(-1.01,-0.0678]",1
0.441908026483163,0,-0.121694594291382,1.30543834214107,0.12403480689883,0.381148939361978,-0.389880110029636,"[-3.97,-1.01]",1
2.95435382796441,0,-0.6309357145531,1.79532387144079,-0.778054747212651,-0.417468601097774,-0.0992632632773881,"(-0.0678,0.833]",1
0.602295599938862,1,0.722039961018964,-1.16783522747345,1.41003330549222,0.092861420787736,-0.0279660623672148,"[-3.97,-1.01]",0
-0.377245689114488,0,0.968328420911542,-1.15228762498202,-0.293911808229858,-0.663584535776221,-0.0569888848706201,"(-0.0678,0.833]",1
-0.63191167262706,1,3.59689127379747,-0.914455469345649,0.610678645005375,0.802827389507556,0.555659016748442,"(-0.0678,0.833]",0
0.171330249779093,0,1.14215251139252,0.528728032533629,-0.666510079863262,-1.70308264539455,0.901923838993518,"(-0.0678,0.833]",1
2.27809706318298,1,1.41734120745155,0.835078927048582,-1.0598828782705,0.153907072564843,0.536623088234037,"(0.833,3.94]",0
3.29990602833043,0,-2.06276994963819,1.20913697409153,-0.605838699162315,0.0260754999213632,-1.47118613826484,"(0.833,3.94]",1
6.45448045452314,1,-0.913027127977613,1.29947254536082,-1.05684142085412,1.05586337908511,-2.40935940826857,"(0.833,3.94]",0
0.839643210346344,1,-0.0565423654588104,1.07573230420989,0.53310647267496,-0.224467114350504,-0.365017377779538,"[-3.97,-1.01]",0
4.0633225739803,1,0.891608789083708,0.939801023514297,-1.55209261464742,0.496596389373037,-0.181268484634166,"(0.833,3.94]",0
1.80425222942671,1,-0.0062306626049049,0.163374693406766,-0.978489465308578,0.399633954636834,-0.149062942660811,"(0.833,3.94]",0
-0.218803858307034,0,-1.23745495123518,-0.888138558640392,0.0272183551599775,-0.646912750685488,-1.39271469385941,"[-3.97,-1.01]",1
-0.669410206662638,0,-2.30383232809388,-0.72616098275635,-1.71557231699709,-0.0837627647875345,-0.679359244378277,"[-3.97,-1.01]",1
0.172566623696889,0,-1.91586050410395,0.407597005613739,-0.504888026492709,-0.133621200009519,-1.81911796861397,"(-1.01,-0.0678]",1
2.83354983890725,1,2.71210195506856,1.68353633925179,-0.304922680917571,1.11960385547419,2.63898221848215,"(0.833,3.94]",0
4.5882006534144,1,2.4163443832272,1.70597982356461,1.34607823542665,0.239220972582604,0.546608278218245,"(0.833,3.94]",0
0.72080444532649,1,0.519685215956442,-1.92616670082608,-0.257536690796696,0.290602215857855,-0.00615393892940771,"[-3.97,-1.01]",0
-0.782196639561282,0,-1.95260180042838,-0.833998015228465,-0.523287300658334,2.34360141841864,-1.8901394678583,"[-3.97,-1.01]",1
0.353330553940158,1,-0.026551438608272,1.41913251633319,-0.663217798972631,0.4162981123864,-0.266783371165174,"(0.833,3.94]",0
-0.662064306815574,1,-0.0331921564085085,-1.06410971501924,0.447221039692659,0.362481077869282,0.820431010197318,"(-1.01,-0.0678]",0
-2.13346868036419,0,-1.44217599985105,-1.61357747248045,-0.319450981926009,0.531682625476121,0.778193540049604,"[-3.97,-1.01]",1
2.84871271750946,1,0.76067059816316,0.599811088697427,-0.543778849936917,1.54804223833981,0.454092023522563,"(0.833,3.94]",0
-0.801976459734663,0,2.3746992683406,1.73296470538705,-0.279673442488512,0.961488300605771,1.41005217305168,"(-0.0678,0.833]",1
2.37123904683905,1,-0.976181030960607,1.93450456245773,1.06523260036693,0.338436178606463,-1.81106410509648,"(0.833,3.94]",0
1.88505887878018,0,-0.774619056250559,0.532820575670794,1.56782874914562,-0.610953004269112,-1.10245174108699,"(-1.01,-0.0678]",1
2.28197952933551,0,0.375002783792929,0.719665756019785,-0.643112078958536,0.357052050410198,-0.0191678713168816,"[-3.97,-1.01]",1
1.62417989446723,0,1.29708951186534,0.560093385755184,0.0205217485106878,0.141508679877188,0.149303719680044,"(-0.0678,0.833]",1
2.91827289668809,0,1.31327792393253,-0.018086931659967,-0.324184458375485,-1.83629134377865,-0.532431870264935,"(0.833,3.94]",1
-4.46884268227826,1,2.36029346124297,-3.37173908255051,1.85739602217537,-1.54103104639384,1.19784612620355,"(-1.01,-0.0678]",0
1.81011790955153,0,-0.863550661151943,0.760703244759755,0.590763995069064,-1.79438286441787,-2.0425957688947,"(-0.0678,0.833]",1
-0.999231775650249,0,-0.94179133675396,-0.39122685224321,-1.7806267173964,1.41451490845874,-1.01431086481328,"[-3.97,-1.01]",1
-0.143217268818112,0,2.28840672613624,1.00990122381185,-0.434108699575314,0.618337891760976,1.60391822138318,"(-1.01,-0.0678]",1
-1.36271482934304,0,1.31472837000982,-0.626973147073749,-2.29274971170602,-2.35045538719928,0.892350034157026,"[-3.97,-1.01]",1
0.215481415195285,0,-2.73610699753567,-1.63457736950186,-0.0929652384515409,0.467031586094115,-1.51770556163796,"(-1.01,-0.0678]",1
3.26429218105233,0,-0.0499063806717819,1.24524265203048,0.70396445332971,0.0638319381435125,0.823528276152144,"(-1.01,-0.0678]",1
1.64947721765384,0,0.261252520676342,0.181377446555404,-0.894489621256767,-0.256260441820274,0.365562248008499,"(0.833,3.94]",1
3.90057635191333,0,-2.13086104887554,3.4953042639856,-1.28250679207462,-0.74452203825337,-1.33092166830989,"(-0.0678,0.833]",1
0.558228863009835,1,2.05515544969442,0.915591913326913,1.25578417415048,-1.26902527654423,0.3595761544677,"(0.833,3.94]",0
2.05377414505842,1,1.56406617557925,1.04850651742624,-0.964629979588376,0.862628007930791,0.892994609988693,"(-1.01,-0.0678]",0
1.58182185277515,0,-0.0176793054146633,0.763824936934856,0.907783881064091,-0.576934671897015,-0.995098995899314,"(-1.01,-0.0678]",1
0.447583891338689,1,0.190890794937307,-0.603387376859399,0.214073613669174,-0.13226734829003,0.51967192258579,"(-0.0678,0.833]",0
1.10112113848896,0,-1.0844075530492,-0.370429662702776,0.881023122748974,0.586828100587993,-1.23573344828329,"[-3.97,-1.01]",1
2.84299529555669,1,0.956157230359225,1.05982593833365,1.00254499828277,0.535000276997602,0.529726874322073,"(0.833,3.94]",0
2.32986806782087,0,-1.44707664718522,1.05511052983939,1.13991050456775,-0.393409936967253,-0.983041720955936,"(-1.01,-0.0678]",1
2.38819634375418,0,1.75176071948933,0.582972161120319,1.23603585230776,-0.540609417209361,-0.375745484254249,"[-3.97,-1.01]",1
-0.6235100274383,1,-0.283931604436941,-0.986567435539539,0.295401510142675,0.259450915234582,-1.04173538449989,"(-0.0678,0.833]",0
2.09223903724886,0,0.468205414968086,1.68462181174398,0.171761023605458,-1.17827876100886,0.697667357430169,"(-1.01,-0.0678]",1
-1.97808680527375,1,-0.125740951487491,-1.36684104568263,-0.955389282695438,0.306138478548671,-0.144448803419361,"(-1.01,-0.0678]",0
-0.0781199748706674,0,-0.106049976065255,-0.433214348611114,-1.21040912105673,0.173481229120353,0.498543397139294,"(-1.01,-0.0678]",1
